#CHROM	POS	ID	BETA	SYMBOL	Consequence
1	248402757	Affx-52323328	-0.01934651	OR2M4	frameshift_variant
2	102968209	Affx-52334280	-0.03349498	IL1RL1	frameshift_variant
3	112648126	rs199845196	-0.02514694	CD200R1	frameshift_variant
6	31106501	Affx-89026413	-0.04140552	PSORS1C1	frameshift_variant
6	32411035	rs8084	0.02253908	HLA-DRA	splice_acceptor_variant
15	91428521	rs11330240	-0.01634593	FES	frameshift_variant
17	38028633	Affx-52331281	-0.02239648	ZPBP2	frameshift_variant
17	38064469	rs11078928	-0.06929087	GSDMB	splice_acceptor_variant
19	39616521	rs4803206	0.01996639	PAK4	splice_donor_variant
19	55530032	Affx-89021006	-0.01700216	GP6	frameshift_variant
